N_traj,544.0
T_mean,300.2393902623417
T_err,4.508905482440573
D,0.1080569213748519
D_err,0.012201470113234894
gamma,3333.333333333334
gamma_err,245.65773397343403
